dateKey,fullDate,year,month,monthName,quarter,monthYear
19530502,1953-05-02,1953,5,May,2,1953-05
19530515,1953-05-15,1953,5,May,2,1953-05
19530529,1953-05-29,1953,5,May,2,1953-05
19530602,1953-06-02,1953,6,June,2,1953-06
19530606,1953-06-06,1953,6,June,2,1953-06
19530609,1953-06-09,1953,6,June,2,1953-06
19530611,1953-06-11,1953,6,June,2,1953-06
19530619,1953-06-19,1953,6,June,2,1953-06
19530702,1953-07-02,1953,7,July,3,1953-07
19531022,1953-10-22,1953,10,October,4,1953-10
19531030,1953-10-30,1953,10,October,4,1953-10
19531206,1953-12-06,1953,12,December,4,1953-12
19540205,1954-02-05,1954,2,February,1,1954-02
19540317,1954-03-17,1954,3,March,1,1954-03
19540623,1954-06-23,1954,6,June,2,1954-06
19540701,1954-07-01,1954,7,July,3,1954-07
19540714,1954-07-14,1954,7,July,3,1954-07
19540731,1954-07-31,1954,7,July,3,1954-07
19540804,1954-08-04,1954,8,August,3,1954-08
19540902,1954-09-02,1954,9,September,3,1954-09
19540913,1954-09-13,1954,9,September,3,1954-09
19540917,1954-09-17,1954,9,September,3,1954-09
19541007,1954-10-07,1954,10,October,4,1954-10
19541013,1954-10-13,1954,10,October,4,1954-10
19541017,1954-10-17,1954,10,October,4,1954-10
19541026,1954-10-26,1954,10,October,4,1954-10
19541110,1954-11-10,1954,11,November,4,1954-11
19550401,1955-04-01,1955,4,April,2,1955-04
19550525,1955-05-25,1955,5,May,2,1955-05
19550527,1955-05-27,1955,5,May,2,1955-05
19550601,1955-06-01,1955,6,June,2,1955-06
19550621,1955-06-21,1955,6,June,2,1955-06
19550813,1955-08-13,1955,8,August,3,1955-08
19550815,1955-08-15,1955,8,August,3,1955-08
19550820,1955-08-20,1955,8,August,3,1955-08
19550822,1955-08-22,1955,8,August,3,1955-08
19551222,1955-12-22,1955,12,December,4,1955-12
19551223,1955-12-23,1955,12,December,4,1955-12
19551224,1955-12-24,1955,12,December,4,1955-12
19551229,1955-12-29,1955,12,December,4,1955-12
19560225,1956-02-25,1956,2,February,1,1956-02
19560315,1956-03-15,1956,3,March,1,1956-03
19560329,1956-03-29,1956,3,March,1,1956-03
19560405,1956-04-05,1956,4,April,2,1956-04
19560407,1956-04-07,1956,4,April,2,1956-04
19560421,1956-04-21,1956,4,April,2,1956-04
19560424,1956-04-24,1956,4,April,2,1956-04
19560517,1956-05-17,1956,5,May,2,1956-05
19560521,1956-05-21,1956,5,May,2,1956-05
19560612,1956-06-12,1956,6,June,2,1956-06
19560720,1956-07-20,1956,7,July,3,1956-07
19560809,1956-08-09,1956,8,August,3,1956-08
19560818,1956-08-18,1956,8,August,3,1956-08
19560831,1956-08-31,1956,8,August,3,1956-08
19561004,1956-10-04,1956,10,October,4,1956-10
19561229,1956-12-29,1956,12,December,4,1956-12
19570131,1957-01-31,1957,1,January,1,1957-01
19570201,1957-02-01,1957,2,February,1,1957-02
19570301,1957-03-01,1957,3,March,1,1957-03
19570306,1957-03-06,1957,3,March,1,1957-03
19570316,1957-03-16,1957,3,March,1,1957-03
19570429,1957-04-29,1957,4,April,2,1957-04
19570516,1957-05-16,1957,5,May,2,1957-05
19570518,1957-05-18,1957,5,May,2,1957-05
19570522,1957-05-22,1957,5,May,2,1957-05
19570527,1957-05-27,1957,5,May,2,1957-05
19570529,1957-05-29,1957,5,May,2,1957-05
19570622,1957-06-22,1957,6,June,2,1957-06
19570905,1957-09-05,1957,9,September,3,1957-09
19580404,1958-04-04,1958,4,April,2,1958-04
19580515,1958-05-15,1958,5,May,2,1958-05
19580520,1958-05-20,1958,5,May,2,1958-05
19580606,1958-06-06,1958,6,June,2,1958-06
19580705,1958-07-05,1958,7,July,3,1958-07
19581001,1958-10-01,1958,10,October,4,1958-10
19581106,1958-11-06,1958,11,November,4,1958-11
19590123,1959-01-23,1959,1,January,1,1959-01
19590129,1959-01-29,1959,1,January,1,1959-01
19590708,1959-07-08,1959,7,July,3,1959-07
19590816,1959-08-16,1959,8,August,3,1959-08
19591109,1959-11-09,1959,11,November,4,1959-11
19600121,1960-01-21,1960,1,January,1,1960-01
19600323,1960-03-23,1960,3,March,1,1960-03
19600404,1960-04-04,1960,4,April,2,1960-04
19600408,1960-04-08,1960,4,April,2,1960-04
19600420,1960-04-20,1960,4,April,2,1960-04
19600525,1960-05-25,1960,5,May,2,1960-05
19600528,1960-05-28,1960,5,May,2,1960-05
19600715,1960-07-15,1960,7,July,3,1960-07
19600722,1960-07-22,1960,7,July,3,1960-07
19600912,1960-09-12,1960,9,September,3,1960-09
19600916,1960-09-16,1960,9,September,3,1960-09
19610227,1961-02-27,1961,2,February,1,1961-02
19610302,1961-03-02,1961,3,March,1,1961-03
19610331,1961-03-31,1961,3,March,1,1961-03
19610516,1961-05-16,1961,5,May,2,1961-05
19610520,1961-05-20,1961,5,May,2,1961-05
19610527,1961-05-27,1961,5,May,2,1961-05
19610626,1961-06-26,1961,6,June,2,1961-06
19610723,1961-07-23,1961,7,July,3,1961-07
19610916,1961-09-16,1961,9,September,3,1961-09
19611116,1961-11-16,1961,11,November,4,1961-11
19620214,1962-02-14,1962,2,February,1,1962-02
19620222,1962-02-22,1962,2,February,1,1962-02
19620306,1962-03-06,1962,3,March,1,1962-03
19620309,1962-03-09,1962,3,March,1,1962-03
19620312,1962-03-12,1962,3,March,1,1962-03
19620316,1962-03-16,1962,3,March,1,1962-03
19620510,1962-05-10,1962,5,May,2,1962-05
19620727,1962-07-27,1962,7,July,3,1962-07
19620905,1962-09-05,1962,9,September,3,1962-09
19621010,1962-10-10,1962,10,October,4,1962-10
19621016,1962-10-16,1962,10,October,4,1962-10
19621020,1962-10-20,1962,10,October,4,1962-10
19621024,1962-10-24,1962,10,October,4,1962-10
19621105,1962-11-05,1962,11,November,4,1962-11
19621112,1962-11-12,1962,11,November,4,1962-11
19621217,1962-12-17,1962,12,December,4,1962-12
19630214,1963-02-14,1963,2,February,1,1963-02
19630225,1963-02-25,1963,2,February,1,1963-02
19630302,1963-03-02,1963,3,March,1,1963-03
19630313,1963-03-13,1963,3,March,1,1963-03
19630321,1963-03-21,1963,3,March,1,1963-03
19630326,1963-03-26,1963,3,March,1,1963-03
19630327,1963-03-27,1963,3,March,1,1963-03
19630424,1963-04-24,1963,4,April,2,1963-04
19630430,1963-04-30,1963,4,April,2,1963-04
19630704,1963-07-04,1963,7,July,3,1963-07
19630717,1963-07-17,1963,7,July,3,1963-07
19630802,1963-08-02,1963,8,August,3,1963-08
19630823,1963-08-23,1963,8,August,3,1963-08
19630924,1963-09-24,1963,9,September,3,1963-09
19631127,1963-11-27,1963,11,November,4,1963-11
19631221,1963-12-21,1963,12,December,4,1963-12
19640317,1964-03-17,1964,3,March,1,1964-03
19640320,1964-03-20,1964,3,March,1,1964-03
19640324,1964-03-24,1964,3,March,1,1964-03
19640328,1964-03-28,1964,3,March,1,1964-03
19640401,1964-04-01,1964,4,April,2,1964-04
19640526,1964-05-26,1964,5,May,2,1964-05
19640608,1964-06-08,1964,6,June,2,1964-06
19640609,1964-06-09,1964,6,June,2,1964-06
19640708,1964-07-08,1964,7,July,3,1964-07
19640720,1964-07-20,1964,7,July,3,1964-07
19640908,1964-09-08,1964,9,September,3,1964-09
19640910,1964-09-10,1964,9,September,3,1964-09
19641003,1964-10-03,1964,10,October,4,1964-10
19641013,1964-10-13,1964,10,October,4,1964-10
19641104,1964-11-04,1964,11,November,4,1964-11
19641210,1964-12-10,1964,12,December,4,1964-12
19641218,1964-12-18,1964,12,December,4,1964-12
19641224,1964-12-24,1964,12,December,4,1964-12
19641229,1964-12-29,1964,12,December,4,1964-12
19641231,1964-12-31,1964,12,December,4,1964-12
19650118,1965-01-18,1965,1,January,1,1965-01
19650411,1965-04-11,1965,4,April,2,1965-04
19650414,1965-04-14,1965,4,April,2,1965-04
19650421,1965-04-21,1965,4,April,2,1965-04
19650422,1965-04-22,1965,4,April,2,1965-04
19650425,1965-04-25,1965,4,April,2,1965-04
19650510,1965-05-10,1965,5,May,2,1965-05
19650511,1965-05-11,1965,5,May,2,1965-05
19650526,1965-05-26,1965,5,May,2,1965-05
19650614,1965-06-14,1965,6,June,2,1965-06
19650619,1965-06-19,1965,6,June,2,1965-06
19650623,1965-06-23,1965,6,June,2,1965-06
19650701,1965-07-01,1965,7,July,3,1965-07
19650727,1965-07-27,1965,7,July,3,1965-07
19650818,1965-08-18,1965,8,August,3,1965-08
19650910,1965-09-10,1965,9,September,3,1965-09
19650914,1965-09-14,1965,9,September,3,1965-09
19650925,1965-09-25,1965,9,September,3,1965-09
19651207,1965-12-07,1965,12,December,4,1965-12
19660122,1966-01-22,1966,1,January,1,1966-01
19660210,1966-02-10,1966,2,February,1,1966-02
19660314,1966-03-14,1966,3,March,1,1966-03
19660322,1966-03-22,1966,3,March,1,1966-03
19660323,1966-03-23,1966,3,March,1,1966-03
19660430,1966-04-30,1966,4,April,2,1966-04
19660512,1966-05-12,1966,5,May,2,1966-05
19660610,1966-06-10,1966,6,June,2,1966-06
19660709,1966-07-09,1966,7,July,3,1966-07
19660831,1966-08-31,1966,8,August,3,1966-08
19660927,1966-09-27,1966,9,September,3,1966-09
19670102,1967-01-02,1967,1,January,1,1967-01
19670313,1967-03-13,1967,3,March,1,1967-03
19670327,1967-03-27,1967,3,March,1,1967-03
19670425,1967-04-25,1967,4,April,2,1967-04
19670718,1967-07-18,1967,7,July,3,1967-07
19670817,1967-08-17,1967,8,August,3,1967-08
19670830,1967-08-30,1967,8,August,3,1967-08
19670928,1967-09-28,1967,9,September,3,1967-09
19671030,1967-10-30,1967,10,October,4,1967-10
19680210,1968-02-10,1968,2,February,1,1968-02
19680503,1968-05-03,1968,5,May,2,1968-05
19680504,1968-05-04,1968,5,May,2,1968-05
19680529,1968-05-29,1968,5,May,2,1968-05
19680605,1968-06-05,1968,6,June,2,1968-06
19680610,1968-06-10,1968,6,June,2,1968-06
19680618,1968-06-18,1968,6,June,2,1968-06
19680705,1968-07-05,1968,7,July,3,1968-07
19680730,1968-07-30,1968,7,July,3,1968-07
19680804,1968-08-04,1968,8,August,3,1968-08
19680815,1968-08-15,1968,8,August,3,1968-08
19680909,1968-09-09,1968,9,September,3,1968-09
19680913,1968-09-13,1968,9,September,3,1968-09
19681107,1968-11-07,1968,11,November,4,1968-11
19690126,1969-01-26,1969,1,January,1,1969-01
19690215,1969-02-15,1969,2,February,1,1969-02
19690418,1969-04-18,1969,4,April,2,1969-04
19690419,1969-04-19,1969,4,April,2,1969-04
19690425,1969-04-25,1969,4,April,2,1969-04
19690501,1969-05-01,1969,5,May,2,1969-05
19690519,1969-05-19,1969,5,May,2,1969-05
19690606,1969-06-06,1969,6,June,2,1969-06
19690711,1969-07-11,1969,7,July,3,1969-07
19690715,1969-07-15,1969,7,July,3,1969-07
19690805,1969-08-05,1969,8,August,3,1969-08
19690814,1969-08-14,1969,8,August,3,1969-08
19690815,1969-08-15,1969,8,August,3,1969-08
19690818,1969-08-18,1969,8,August,3,1969-08
19690819,1969-08-19,1969,8,August,3,1969-08
19690823,1969-08-23,1969,8,August,3,1969-08
19690826,1969-08-26,1969,8,August,3,1969-08
19690830,1969-08-30,1969,8,August,3,1969-08
19690903,1969-09-03,1969,9,September,3,1969-09
19690924,1969-09-24,1969,9,September,3,1969-09
19691107,1969-11-07,1969,11,November,4,1969-11
19691219,1969-12-19,1969,12,December,4,1969-12
19700202,1970-02-02,1970,2,February,1,1970-02
19700216,1970-02-16,1970,2,February,1,1970-02
19700227,1970-02-27,1970,2,February,1,1970-02
19700409,1970-04-09,1970,4,April,2,1970-04
19700513,1970-05-13,1970,5,May,2,1970-05
19700605,1970-06-05,1970,6,June,2,1970-06
19700626,1970-06-26,1970,6,June,2,1970-06
19700703,1970-07-03,1970,7,July,3,1970-07
19700718,1970-07-18,1970,7,July,3,1970-07
19700722,1970-07-22,1970,7,July,3,1970-07
19700804,1970-08-04,1970,8,August,3,1970-08
19700922,1970-09-22,1970,9,September,3,1970-09
19700929,1970-09-29,1970,9,September,3,1970-09
19701012,1970-10-12,1970,10,October,4,1970-10
19701014,1970-10-14,1970,10,October,4,1970-10
19701017,1970-10-17,1970,10,October,4,1970-10
19710209,1971-02-09,1971,2,February,1,1971-02
19710213,1971-02-13,1971,2,February,1,1971-02
19710222,1971-02-22,1971,2,February,1,1971-02
19710223,1971-02-23,1971,2,February,1,1971-02
19710315,1971-03-15,1971,3,March,1,1971-03
19710408,1971-04-08,1971,4,April,2,1971-04
19710510,1971-05-10,1971,5,May,2,1971-05
19710518,1971-05-18,1971,5,May,2,1971-05
19710611,1971-06-11,1971,6,June,2,1971-06
19710618,1971-06-18,1971,6,June,2,1971-06
19710707,1971-07-07,1971,7,July,3,1971-07
19710817,1971-08-17,1971,8,August,3,1971-08
19710904,1971-09-04,1971,9,September,3,1971-09
19710913,1971-09-13,1971,9,September,3,1971-09
19710918,1971-09-18,1971,9,September,3,1971-09
19710928,1971-09-28,1971,9,September,3,1971-09
19711013,1971-10-13,1971,10,October,4,1971-10
19720111,1972-01-11,1972,1,January,1,1972-01
19720114,1972-01-14,1972,1,January,1,1972-01
19720119,1972-01-19,1972,1,January,1,1972-01
19720121,1972-01-21,1972,1,January,1,1972-01
19720127,1972-01-27,1972,1,January,1,1972-01
19720201,1972-02-01,1972,2,February,1,1972-02
19720227,1972-02-27,1972,2,February,1,1972-02
19720302,1972-03-02,1972,3,March,1,1972-03
19720306,1972-03-06,1972,3,March,1,1972-03
19720307,1972-03-07,1972,3,March,1,1972-03
19720318,1972-03-18,1972,3,March,1,1972-03
19720324,1972-03-24,1972,3,March,1,1972-03
19720405,1972-04-05,1972,4,April,2,1972-04
19720515,1972-05-15,1972,5,May,2,1972-05
19720520,1972-05-20,1972,5,May,2,1972-05
19720610,1972-06-10,1972,6,June,2,1972-06
19720623,1972-06-23,1972,6,June,2,1972-06
19720627,1972-06-27,1972,6,June,2,1972-06
19720703,1972-07-03,1972,7,July,3,1972-07
19720719,1972-07-19,1972,7,July,3,1972-07
19720801,1972-08-01,1972,8,August,3,1972-08
19720818,1972-08-18,1972,8,August,3,1972-08
19720823,1972-08-23,1972,8,August,3,1972-08
19720825,1972-08-25,1972,8,August,3,1972-08
19720904,1972-09-04,1972,9,September,3,1972-09
19720910,1972-09-10,1972,9,September,3,1972-09
19720920,1972-09-20,1972,9,September,3,1972-09
19720926,1972-09-26,1972,9,September,3,1972-09
19720928,1972-09-28,1972,9,September,3,1972-09
19721007,1972-10-07,1972,10,October,4,1972-10
19721010,1972-10-10,1972,10,October,4,1972-10
19721025,1972-10-25,1972,10,October,4,1972-10
19721120,1972-11-20,1972,11,November,4,1972-11
19721124,1972-11-24,1972,11,November,4,1972-11
19721201,1972-12-01,1972,12,December,4,1972-12
19730208,1973-02-08,1973,2,February,1,1973-02
19730312,1973-03-12,1973,3,March,1,1973-03
19730321,1973-03-21,1973,3,March,1,1973-03
19730327,1973-03-27,1973,3,March,1,1973-03
19730404,1973-04-04,1973,4,April,2,1973-04
19730412,1973-04-12,1973,4,April,2,1973-04
19730419,1973-04-19,1973,4,April,2,1973-04
19730426,1973-04-26,1973,4,April,2,1973-04
19730427,1973-04-27,1973,4,April,2,1973-04
19730502,1973-05-02,1973,5,May,2,1973-05
19730508,1973-05-08,1973,5,May,2,1973-05
19730511,1973-05-11,1973,5,May,2,1973-05
19730516,1973-05-16,1973,5,May,2,1973-05
19730523,1973-05-23,1973,5,May,2,1973-05
19730524,1973-05-24,1973,5,May,2,1973-05
19730526,1973-05-26,1973,5,May,2,1973-05
19730529,1973-05-29,1973,5,May,2,1973-05
19730604,1973-06-04,1973,6,June,2,1973-06
19730611,1973-06-11,1973,6,June,2,1973-06
19730613,1973-06-13,1973,6,June,2,1973-06
19730625,1973-06-25,1973,6,June,2,1973-06
19730628,1973-06-28,1973,6,June,2,1973-06
19730706,1973-07-06,1973,7,July,3,1973-07
19730711,1973-07-11,1973,7,July,3,1973-07
19730717,1973-07-17,1973,7,July,3,1973-07
19730720,1973-07-20,1973,7,July,3,1973-07
19730807,1973-08-07,1973,8,August,3,1973-08
19730816,1973-08-16,1973,8,August,3,1973-08
19730817,1973-08-17,1973,8,August,3,1973-08
19730818,1973-08-18,1973,8,August,3,1973-08
19730820,1973-08-20,1973,8,August,3,1973-08
19730823,1973-08-23,1973,8,August,3,1973-08
19730904,1973-09-04,1973,9,September,3,1973-09
19730907,1973-09-07,1973,9,September,3,1973-09
19730928,1973-09-28,1973,9,September,3,1973-09
19731013,1973-10-13,1973,10,October,4,1973-10
19731016,1973-10-16,1973,10,October,4,1973-10
19731020,1973-10-20,1973,10,October,4,1973-10
19731101,1973-11-01,1973,11,November,4,1973-11
19731107,1973-11-07,1973,11,November,4,1973-11
19731210,1973-12-10,1973,12,December,4,1973-12
19740118,1974-01-18,1974,1,January,1,1974-01
19740121,1974-01-21,1974,1,January,1,1974-01
19740125,1974-01-25,1974,1,January,1,1974-01
19740129,1974-01-29,1974,1,January,1,1974-01
19740223,1974-02-23,1974,2,February,1,1974-02
19740322,1974-03-22,1974,3,March,1,1974-03
19740404,1974-04-04,1974,4,April,2,1974-04
19740405,1974-04-05,1974,4,April,2,1974-04
19740411,1974-04-11,1974,4,April,2,1974-04
19740412,1974-04-12,1974,4,April,2,1974-04
19740418,1974-04-18,1974,4,April,2,1974-04
19740426,1974-04-26,1974,4,April,2,1974-04
19740507,1974-05-07,1974,5,May,2,1974-05
19740514,1974-05-14,1974,5,May,2,1974-05
19740521,1974-05-21,1974,5,May,2,1974-05
19740531,1974-05-31,1974,5,May,2,1974-05
19740608,1974-06-08,1974,6,June,2,1974-06
19740610,1974-06-10,1974,6,June,2,1974-06
19740624,1974-06-24,1974,6,June,2,1974-06
19740708,1974-07-08,1974,7,July,3,1974-07
19740711,1974-07-11,1974,7,July,3,1974-07
19740713,1974-07-13,1974,7,July,3,1974-07
19740722,1974-07-22,1974,7,July,3,1974-07
19740723,1974-07-23,1974,7,July,3,1974-07
19740829,1974-08-29,1974,8,August,3,1974-08
19740914,1974-09-14,1974,9,September,3,1974-09
19740923,1974-09-23,1974,9,September,3,1974-09
19740930,1974-09-30,1974,9,September,3,1974-09
19741101,1974-11-01,1974,11,November,4,1974-11
19741102,1974-11-02,1974,11,November,4,1974-11
19741114,1974-11-14,1974,11,November,4,1974-11
19741126,1974-11-26,1974,11,November,4,1974-11
19741130,1974-11-30,1974,11,November,4,1974-11
19741224,1974-12-24,1974,12,December,4,1974-12
19750118,1975-01-18,1975,1,January,1,1975-01
19750130,1975-01-30,1975,1,January,1,1975-01
19750215,1975-02-15,1975,2,February,1,1975-02
19750314,1975-03-14,1975,3,March,1,1975-03
19750319,1975-03-19,1975,3,March,1,1975-03
19750322,1975-03-22,1975,3,March,1,1975-03
19750329,1975-03-29,1975,3,March,1,1975-03
19750401,1975-04-01,1975,4,April,2,1975-04
19750404,1975-04-04,1975,4,April,2,1975-04
19750412,1975-04-12,1975,4,April,2,1975-04
19750423,1975-04-23,1975,4,April,2,1975-04
19750426,1975-04-26,1975,4,April,2,1975-04
19750503,1975-05-03,1975,5,May,2,1975-05
19750507,1975-05-07,1975,5,May,2,1975-05
19750524,1975-05-24,1975,5,May,2,1975-05
19750606,1975-06-06,1975,6,June,2,1975-06
19750607,1975-06-07,1975,6,June,2,1975-06
19750628,1975-06-28,1975,6,June,2,1975-06
19750705,1975-07-05,1975,7,July,3,1975-07
19750709,1975-07-09,1975,7,July,3,1975-07
19750711,1975-07-11,1975,7,July,3,1975-07
19750717,1975-07-17,1975,7,July,3,1975-07
19750723,1975-07-23,1975,7,July,3,1975-07
19750725,1975-07-25,1975,7,July,3,1975-07
19750729,1975-07-29,1975,7,July,3,1975-07
19750822,1975-08-22,1975,8,August,3,1975-08
19750911,1975-09-11,1975,9,September,3,1975-09
19750912,1975-09-12,1975,9,September,3,1975-09
19750915,1975-09-15,1975,9,September,3,1975-09
19750919,1975-09-19,1975,9,September,3,1975-09
19750926,1975-09-26,1975,9,September,3,1975-09
19750930,1975-09-30,1975,9,September,3,1975-09
19751002,1975-10-02,1975,10,October,4,1975-10
19751004,1975-10-04,1975,10,October,4,1975-10
19751207,1975-12-07,1975,12,December,4,1975-12
19751210,1975-12-10,1975,12,December,4,1975-12
19751213,1975-12-13,1975,12,December,4,1975-12
19751218,1975-12-18,1975,12,December,4,1975-12
19760319,1976-03-19,1976,3,March,1,1976-03
19760323,1976-03-23,1976,3,March,1,1976-03
19760401,1976-04-01,1976,4,April,2,1976-04
19760408,1976-04-08,1976,4,April,2,1976-04
19760413,1976-04-13,1976,4,April,2,1976-04
19760416,1976-04-16,1976,4,April,2,1976-04
19760522,1976-05-22,1976,5,May,2,1976-05
19760605,1976-06-05,1976,6,June,2,1976-06
19760606,1976-06-06,1976,6,June,2,1976-06
19760611,1976-06-11,1976,6,June,2,1976-06
19760617,1976-06-17,1976,6,June,2,1976-06
19760618,1976-06-18,1976,6,June,2,1976-06
19760619,1976-06-19,1976,6,June,2,1976-06
19760625,1976-06-25,1976,6,June,2,1976-06
19760629,1976-06-29,1976,6,June,2,1976-06
19760707,1976-07-07,1976,7,July,3,1976-07
19760713,1976-07-13,1976,7,July,3,1976-07
19760721,1976-07-21,1976,7,July,3,1976-07
19760802,1976-08-02,1976,8,August,3,1976-08
19760805,1976-08-05,1976,8,August,3,1976-08
19760821,1976-08-21,1976,8,August,3,1976-08
19760903,1976-09-03,1976,9,September,3,1976-09
19760908,1976-09-08,1976,9,September,3,1976-09
19760911,1976-09-11,1976,9,September,3,1976-09
19760921,1976-09-21,1976,9,September,3,1976-09
19760924,1976-09-24,1976,9,September,3,1976-09
19761001,1976-10-01,1976,10,October,4,1976-10
19761014,1976-10-14,1976,10,October,4,1976-10
19761015,1976-10-15,1976,10,October,4,1976-10
19761020,1976-10-20,1976,10,October,4,1976-10
19761203,1976-12-03,1976,12,December,4,1976-12
19770118,1977-01-18,1977,1,January,1,1977-01
19770119,1977-01-19,1977,1,January,1,1977-01
19770120,1977-01-20,1977,1,January,1,1977-01
19770126,1977-01-26,1977,1,January,1,1977-01
19770129,1977-01-29,1977,1,January,1,1977-01
19770131,1977-01-31,1977,1,January,1,1977-01
19770202,1977-02-02,1977,2,February,1,1977-02
19770205,1977-02-05,1977,2,February,1,1977-02
19770208,1977-02-08,1977,2,February,1,1977-02
19770222,1977-02-22,1977,2,February,1,1977-02
19770302,1977-03-02,1977,3,March,1,1977-03
19770331,1977-03-31,1977,3,March,1,1977-03
19770406,1977-04-06,1977,4,April,2,1977-04
19770407,1977-04-07,1977,4,April,2,1977-04
19770409,1977-04-09,1977,4,April,2,1977-04
19770415,1977-04-15,1977,4,April,2,1977-04
19770429,1977-04-29,1977,4,April,2,1977-04
19770502,1977-05-02,1977,5,May,2,1977-05
19770505,1977-05-05,1977,5,May,2,1977-05
19770507,1977-05-07,1977,5,May,2,1977-05
19770602,1977-06-02,1977,6,June,2,1977-06
19770611,1977-06-11,1977,6,June,2,1977-06
19770614,1977-06-14,1977,6,June,2,1977-06
19770615,1977-06-15,1977,6,June,2,1977-06
19770618,1977-06-18,1977,6,June,2,1977-06
19770716,1977-07-16,1977,7,July,3,1977-07
19770720,1977-07-20,1977,7,July,3,1977-07
19770721,1977-07-21,1977,7,July,3,1977-07
19770722,1977-07-22,1977,7,July,3,1977-07
19770723,1977-07-23,1977,7,July,3,1977-07
19770804,1977-08-04,1977,8,August,3,1977-08
19770807,1977-08-07,1977,8,August,3,1977-08
19770811,1977-08-11,1977,8,August,3,1977-08
19770820,1977-08-20,1977,8,August,3,1977-08
19770822,1977-08-22,1977,8,August,3,1977-08
19770824,1977-08-24,1977,8,August,3,1977-08
19770906,1977-09-06,1977,9,September,3,1977-09
19770914,1977-09-14,1977,9,September,3,1977-09
19770920,1977-09-20,1977,9,September,3,1977-09
19771003,1977-10-03,1977,10,October,4,1977-10
19771104,1977-11-04,1977,11,November,4,1977-11
19771107,1977-11-07,1977,11,November,4,1977-11
19771109,1977-11-09,1977,11,November,4,1977-11
19771112,1977-11-12,1977,11,November,4,1977-11
19771210,1977-12-10,1977,12,December,4,1977-12
19780120,1978-01-20,1978,1,January,1,1978-01
19780126,1978-01-26,1978,1,January,1,1978-01
19780127,1978-01-27,1978,1,January,1,1978-01
19780207,1978-02-07,1978,2,February,1,1978-02
19780210,1978-02-10,1978,2,February,1,1978-02
19780215,1978-02-15,1978,2,February,1,1978-02
19780216,1978-02-16,1978,2,February,1,1978-02
19780217,1978-02-17,1978,2,February,1,1978-02
19780304,1978-03-04,1978,3,March,1,1978-03
19780324,1978-03-24,1978,3,March,1,1978-03
19780329,1978-03-29,1978,3,March,1,1978-03
19780417,1978-04-17,1978,4,April,2,1978-04
19780422,1978-04-22,1978,4,April,2,1978-04
19780424,1978-04-24,1978,4,April,2,1978-04
19780509,1978-05-09,1978,5,May,2,1978-05
19780529,1978-05-29,1978,5,May,2,1978-05
19780707,1978-07-07,1978,7,July,3,1978-07
19780708,1978-07-08,1978,7,July,3,1978-07
19780803,1978-08-03,1978,8,August,3,1978-08
19780807,1978-08-07,1978,8,August,3,1978-08
19780809,1978-08-09,1978,8,August,3,1978-08
19780811,1978-08-11,1978,8,August,3,1978-08
19780818,1978-08-18,1978,8,August,3,1978-08
19780912,1978-09-12,1978,9,September,3,1978-09
19780915,1978-09-15,1978,9,September,3,1978-09
19780920,1978-09-20,1978,9,September,3,1978-09
19781009,1978-10-09,1978,10,October,4,1978-10
19781029,1978-10-29,1978,10,October,4,1978-10
19781206,1978-12-06,1978,12,December,4,1978-12
19781212,1978-12-12,1978,12,December,4,1978-12
19781214,1978-12-14,1978,12,December,4,1978-12
19781221,1978-12-21,1978,12,December,4,1978-12
19790116,1979-01-16,1979,1,January,1,1979-01
19790119,1979-01-19,1979,1,January,1,1979-01
19790129,1979-01-29,1979,1,January,1,1979-01
19790307,1979-03-07,1979,3,March,1,1979-03
19790312,1979-03-12,1979,3,March,1,1979-03
19790313,1979-03-13,1979,3,March,1,1979-03
19790315,1979-03-15,1979,3,March,1,1979-03
19790317,1979-03-17,1979,3,March,1,1979-03
19790324,1979-03-24,1979,3,March,1,1979-03
19790406,1979-04-06,1979,4,April,2,1979-04
19790411,1979-04-11,1979,4,April,2,1979-04
19790413,1979-04-13,1979,4,April,2,1979-04
19790414,1979-04-14,1979,4,April,2,1979-04
19790416,1979-04-16,1979,4,April,2,1979-04
19790418,1979-04-18,1979,4,April,2,1979-04
19790421,1979-04-21,1979,4,April,2,1979-04
19790426,1979-04-26,1979,4,April,2,1979-04
19790430,1979-04-30,1979,4,April,2,1979-04
19790502,1979-05-02,1979,5,May,2,1979-05
19790507,1979-05-07,1979,5,May,2,1979-05
19790515,1979-05-15,1979,5,May,2,1979-05
19790611,1979-06-11,1979,6,June,2,1979-06
19790614,1979-06-14,1979,6,June,2,1979-06
19790615,1979-06-15,1979,6,June,2,1979-06
19790623,1979-06-23,1979,6,June,2,1979-06
19790701,1979-07-01,1979,7,July,3,1979-07
19790719,1979-07-19,1979,7,July,3,1979-07
19790720,1979-07-20,1979,7,July,3,1979-07
19790723,1979-07-23,1979,7,July,3,1979-07
19790725,1979-07-25,1979,7,July,3,1979-07
19790726,1979-07-26,1979,7,July,3,1979-07
19790727,1979-07-27,1979,7,July,3,1979-07
19790728,1979-07-28,1979,7,July,3,1979-07
19790731,1979-07-31,1979,7,July,3,1979-07
19790803,1979-08-03,1979,8,August,3,1979-08
19790806,1979-08-06,1979,8,August,3,1979-08
19790808,1979-08-08,1979,8,August,3,1979-08
19790902,1979-09-02,1979,9,September,3,1979-09
19790913,1979-09-13,1979,9,September,3,1979-09
19790914,1979-09-14,1979,9,September,3,1979-09
19790916,1979-09-16,1979,9,September,3,1979-09
19790925,1979-09-25,1979,9,September,3,1979-09
19790929,1979-09-29,1979,9,September,3,1979-09
19791004,1979-10-04,1979,10,October,4,1979-10
19791019,1979-10-19,1979,10,October,4,1979-10
19791109,1979-11-09,1979,11,November,4,1979-11
19791201,1979-12-01,1979,12,December,4,1979-12
19791231,1979-12-31,1979,12,December,4,1979-12
19800201,1980-02-01,1980,2,February,1,1980-02
19800206,1980-02-06,1980,2,February,1,1980-02
19800219,1980-02-19,1980,2,February,1,1980-02
19800221,1980-02-21,1980,2,February,1,1980-02
19800409,1980-04-09,1980,4,April,2,1980-04
19800416,1980-04-16,1980,4,April,2,1980-04
19800419,1980-04-19,1980,4,April,2,1980-04
19800420,1980-04-20,1980,4,April,2,1980-04
19800424,1980-04-24,1980,4,April,2,1980-04
19800506,1980-05-06,1980,5,May,2,1980-05
19800515,1980-05-15,1980,5,May,2,1980-05
19800516,1980-05-16,1980,5,May,2,1980-05
19800521,1980-05-21,1980,5,May,2,1980-05
19800522,1980-05-22,1980,5,May,2,1980-05
19800604,1980-06-04,1980,6,June,2,1980-06
19800613,1980-06-13,1980,6,June,2,1980-06
19800615,1980-06-15,1980,6,June,2,1980-06
19800724,1980-07-24,1980,7,July,3,1980-07
19800811,1980-08-11,1980,8,August,3,1980-08
19800815,1980-08-15,1980,8,August,3,1980-08
19800819,1980-08-19,1980,8,August,3,1980-08
19800823,1980-08-23,1980,8,August,3,1980-08
19800908,1980-09-08,1980,9,September,3,1980-09
19800920,1980-09-20,1980,9,September,3,1980-09
19800926,1980-09-26,1980,9,September,3,1980-09
19801002,1980-10-02,1980,10,October,4,1980-10
19801019,1980-10-19,1980,10,October,4,1980-10
19801127,1980-11-27,1980,11,November,4,1980-11
19810317,1981-03-17,1981,3,March,1,1981-03
19810324,1981-03-24,1981,3,March,1,1981-03
19810410,1981-04-10,1981,4,April,2,1981-04
19810514,1981-05-14,1981,5,May,2,1981-05
19810527,1981-05-27,1981,5,May,2,1981-05
19810615,1981-06-15,1981,6,June,2,1981-06
19810630,1981-06-30,1981,6,June,2,1981-06
19810718,1981-07-18,1981,7,July,3,1981-07
19810729,1981-07-29,1981,7,July,3,1981-07
19810809,1981-08-09,1981,8,August,3,1981-08
19810828,1981-08-28,1981,8,August,3,1981-08
19810915,1981-09-15,1981,9,September,3,1981-09
19810921,1981-09-21,1981,9,September,3,1981-09
19810929,1981-09-29,1981,9,September,3,1981-09
19811023,1981-10-23,1981,10,October,4,1981-10
19811104,1981-11-04,1981,11,November,4,1981-11
19811203,1981-12-03,1981,12,December,4,1981-12
19820107,1982-01-07,1982,1,January,1,1982-01
19820320,1982-03-20,1982,3,March,1,1982-03
19820326,1982-03-26,1982,3,March,1,1982-03
19820329,1982-03-29,1982,3,March,1,1982-03
19820408,1982-04-08,1982,4,April,2,1982-04
19820410,1982-04-10,1982,4,April,2,1982-04
19820422,1982-04-22,1982,4,April,2,1982-04
19820423,1982-04-23,1982,4,April,2,1982-04
19820424,1982-04-24,1982,4,April,2,1982-04
19820511,1982-05-11,1982,5,May,2,1982-05
19820525,1982-05-25,1982,5,May,2,1982-05
19820605,1982-06-05,1982,6,June,2,1982-06
19820614,1982-06-14,1982,6,June,2,1982-06
19820618,1982-06-18,1982,6,June,2,1982-06
19820628,1982-06-28,1982,6,June,2,1982-06
19820707,1982-07-07,1982,7,July,3,1982-07
19820722,1982-07-22,1982,7,July,3,1982-07
19820819,1982-08-19,1982,8,August,3,1982-08
19820824,1982-08-24,1982,8,August,3,1982-08
19820826,1982-08-26,1982,8,August,3,1982-08
19820922,1982-09-22,1982,9,September,3,1982-09
19820924,1982-09-24,1982,9,September,3,1982-09
19820929,1982-09-29,1982,9,September,3,1982-09
19821127,1982-11-27,1982,11,November,4,1982-11
19821210,1982-12-10,1982,12,December,4,1982-12
19821213,1982-12-13,1982,12,December,4,1982-12
19830111,1983-01-11,1983,1,January,1,1983-01
19830127,1983-01-27,1983,1,January,1,1983-01
19830209,1983-02-09,1983,2,February,1,1983-02
19830304,1983-03-04,1983,3,March,1,1983-03
19830416,1983-04-16,1983,4,April,2,1983-04
19830420,1983-04-20,1983,4,April,2,1983-04
19830430,1983-04-30,1983,4,April,2,1983-04
19830505,1983-05-05,1983,5,May,2,1983-05
19830601,1983-06-01,1983,6,June,2,1983-06
19830606,1983-06-06,1983,6,June,2,1983-06
19830610,1983-06-10,1983,6,June,2,1983-06
19830701,1983-07-01,1983,7,July,3,1983-07
19830719,1983-07-19,1983,7,July,3,1983-07
19830801,1983-08-01,1983,8,August,3,1983-08
19830819,1983-08-19,1983,8,August,3,1983-08
19830922,1983-09-22,1983,9,September,3,1983-09
19831005,1983-10-05,1983,10,October,4,1983-10
19831024,1983-10-24,1983,10,October,4,1983-10
19831026,1983-10-26,1983,10,October,4,1983-10
19831118,1983-11-18,1983,11,November,4,1983-11
19831213,1983-12-13,1983,12,December,4,1983-12
19831221,1983-12-21,1983,12,December,4,1983-12
19840107,1984-01-07,1984,1,January,1,1984-01
19840216,1984-02-16,1984,2,February,1,1984-02
19840329,1984-03-29,1984,3,March,1,1984-03
19840330,1984-03-30,1984,3,March,1,1984-03
19840412,1984-04-12,1984,4,April,2,1984-04
19840417,1984-04-17,1984,4,April,2,1984-04
19840426,1984-04-26,1984,4,April,2,1984-04
19840503,1984-05-03,1984,5,May,2,1984-05
19840511,1984-05-11,1984,5,May,2,1984-05
19840515,1984-05-15,1984,5,May,2,1984-05
19840523,1984-05-23,1984,5,May,2,1984-05
19840525,1984-05-25,1984,5,May,2,1984-05
19840531,1984-05-31,1984,5,May,2,1984-05
19840612,1984-06-12,1984,6,June,2,1984-06
19840618,1984-06-18,1984,6,June,2,1984-06
19840621,1984-06-21,1984,6,June,2,1984-06
19840622,1984-06-22,1984,6,June,2,1984-06
19840627,1984-06-27,1984,6,June,2,1984-06
19840703,1984-07-03,1984,7,July,3,1984-07
19840710,1984-07-10,1984,7,July,3,1984-07
19840719,1984-07-19,1984,7,July,3,1984-07
19840727,1984-07-27,1984,7,July,3,1984-07
19840817,1984-08-17,1984,8,August,3,1984-08
19840827,1984-08-27,1984,8,August,3,1984-08
19840828,1984-08-28,1984,8,August,3,1984-08
19840906,1984-09-06,1984,9,September,3,1984-09
19840921,1984-09-21,1984,9,September,3,1984-09
19840925,1984-09-25,1984,9,September,3,1984-09
19841002,1984-10-02,1984,10,October,4,1984-10
19841030,1984-10-30,1984,10,October,4,1984-10
19841031,1984-10-31,1984,10,October,4,1984-10
19841210,1984-12-10,1984,12,December,4,1984-12
19850115,1985-01-15,1985,1,January,1,1985-01
19850118,1985-01-18,1985,1,January,1,1985-01
19850318,1985-03-18,1985,3,March,1,1985-03
19850320,1985-03-20,1985,3,March,1,1985-03
19850322,1985-03-22,1985,3,March,1,1985-03
19850329,1985-03-29,1985,3,March,1,1985-03
19850517,1985-05-17,1985,5,May,2,1985-05
19850520,1985-05-20,1985,5,May,2,1985-05
19850531,1985-05-31,1985,5,May,2,1985-05
19850603,1985-06-03,1985,6,June,2,1985-06
19850711,1985-07-11,1985,7,July,3,1985-07
19850715,1985-07-15,1985,7,July,3,1985-07
19850718,1985-07-18,1985,7,July,3,1985-07
19850807,1985-08-07,1985,8,August,3,1985-08
19850830,1985-08-30,1985,8,August,3,1985-08
19850904,1985-09-04,1985,9,September,3,1985-09
19850907,1985-09-07,1985,9,September,3,1985-09
19850912,1985-09-12,1985,9,September,3,1985-09
19850918,1985-09-18,1985,9,September,3,1985-09
19851008,1985-10-08,1985,10,October,4,1985-10
19851010,1985-10-10,1985,10,October,4,1985-10
19851011,1985-10-11,1985,10,October,4,1985-10
19851015,1985-10-15,1985,10,October,4,1985-10
19851018,1985-10-18,1985,10,October,4,1985-10
19851028,1985-10-28,1985,10,October,4,1985-10
19851101,1985-11-01,1985,11,November,4,1985-11
19851107,1985-11-07,1985,11,November,4,1985-11
19851109,1985-11-09,1985,11,November,4,1985-11
19851203,1985-12-03,1985,12,December,4,1985-12
19860215,1986-02-15,1986,2,February,1,1986-02
19860221,1986-02-21,1986,2,February,1,1986-02
19860228,1986-02-28,1986,2,February,1,1986-02
19860313,1986-03-13,1986,3,March,1,1986-03
19860315,1986-03-15,1986,3,March,1,1986-03
19860319,1986-03-19,1986,3,March,1,1986-03
19860423,1986-04-23,1986,4,April,2,1986-04
19860503,1986-05-03,1986,5,May,2,1986-05
19860510,1986-05-10,1986,5,May,2,1986-05
19860603,1986-06-03,1986,6,June,2,1986-06
19860605,1986-06-05,1986,6,June,2,1986-06
19860710,1986-07-10,1986,7,July,3,1986-07
19860726,1986-07-26,1986,7,July,3,1986-07
19860814,1986-08-14,1986,8,August,3,1986-08
19860827,1986-08-27,1986,8,August,3,1986-08
19860910,1986-09-10,1986,9,September,3,1986-09
19860918,1986-09-18,1986,9,September,3,1986-09
19861007,1986-10-07,1986,10,October,4,1986-10
19861014,1986-10-14,1986,10,October,4,1986-10
19861022,1986-10-22,1986,10,October,4,1986-10
19861027,1986-10-27,1986,10,October,4,1986-10
19861210,1986-12-10,1986,12,December,4,1986-12
19861215,1986-12-15,1986,12,December,4,1986-12
19870124,1987-01-24,1987,1,January,1,1987-01
19870202,1987-02-02,1987,2,February,1,1987-02
19870305,1987-03-05,1987,3,March,1,1987-03
19870409,1987-04-09,1987,4,April,2,1987-04
19870416,1987-04-16,1987,4,April,2,1987-04
19870418,1987-04-18,1987,4,April,2,1987-04
19870427,1987-04-27,1987,4,April,2,1987-04
19870515,1987-05-15,1987,5,May,2,1987-05
19870526,1987-05-26,1987,5,May,2,1987-05
19870709,1987-07-09,1987,7,July,3,1987-07
19870716,1987-07-16,1987,7,July,3,1987-07
19870717,1987-07-17,1987,7,July,3,1987-07
19870722,1987-07-22,1987,7,July,3,1987-07
19870806,1987-08-06,1987,8,August,3,1987-08
19870821,1987-08-21,1987,8,August,3,1987-08
19870902,1987-09-02,1987,9,September,3,1987-09
19870904,1987-09-04,1987,9,September,3,1987-09
19871007,1987-10-07,1987,10,October,4,1987-10
19871010,1987-10-10,1987,10,October,4,1987-10
19871103,1987-11-03,1987,11,November,4,1987-11
19871110,1987-11-10,1987,11,November,4,1987-11
19871120,1987-11-20,1987,11,November,4,1987-11
19871125,1987-11-25,1987,11,November,4,1987-11
19871130,1987-11-30,1987,11,November,4,1987-11
19871217,1987-12-17,1987,12,December,4,1987-12
19871231,1987-12-31,1987,12,December,4,1987-12
19880108,1988-01-08,1988,1,January,1,1988-01
19880116,1988-01-16,1988,1,January,1,1988-01
19880120,1988-01-20,1988,1,January,1,1988-01
19880205,1988-02-05,1988,2,February,1,1988-02
19880311,1988-03-11,1988,3,March,1,1988-03
19880312,1988-03-12,1988,3,March,1,1988-03
19880726,1988-07-26,1988,7,July,3,1988-07
19880728,1988-07-28,1988,7,July,3,1988-07
19880826,1988-08-26,1988,8,August,3,1988-08
19880906,1988-09-06,1988,9,September,3,1988-09
19880913,1988-09-13,1988,9,September,3,1988-09
19880929,1988-09-29,1988,9,September,3,1988-09
19881005,1988-10-05,1988,10,October,4,1988-10
19881123,1988-11-23,1988,11,November,4,1988-11
19881202,1988-12-02,1988,12,December,4,1988-12
19890113,1989-01-13,1989,1,January,1,1989-01
19890131,1989-01-31,1989,1,January,1,1989-01
19890224,1989-02-24,1989,2,February,1,1989-02
19890414,1989-04-14,1989,4,April,2,1989-04
19890423,1989-04-23,1989,4,April,2,1989-04
19890508,1989-05-08,1989,5,May,2,1989-05
19890510,1989-05-10,1989,5,May,2,1989-05
19890517,1989-05-17,1989,5,May,2,1989-05
19890519,1989-05-19,1989,5,May,2,1989-05
19890520,1989-05-20,1989,5,May,2,1989-05
19890607,1989-06-07,1989,6,June,2,1989-06
19890610,1989-06-10,1989,6,June,2,1989-06
19890616,1989-06-16,1989,6,June,2,1989-06
19890630,1989-06-30,1989,6,June,2,1989-06
19890710,1989-07-10,1989,7,July,3,1989-07
19890717,1989-07-17,1989,7,July,3,1989-07
19890718,1989-07-18,1989,7,July,3,1989-07
19890828,1989-08-28,1989,8,August,3,1989-08
19890911,1989-09-11,1989,9,September,3,1989-09
19890920,1989-09-20,1989,9,September,3,1989-09
19890921,1989-09-21,1989,9,September,3,1989-09
19890922,1989-09-22,1989,9,September,3,1989-09
19890925,1989-09-25,1989,9,September,3,1989-09
19891018,1989-10-18,1989,10,October,4,1989-10
19891030,1989-10-30,1989,10,October,4,1989-10
19891108,1989-11-08,1989,11,November,4,1989-11
19891117,1989-11-17,1989,11,November,4,1989-11
19891122,1989-11-22,1989,11,November,4,1989-11
19900109,1990-01-09,1990,1,January,1,1990-01
19900115,1990-01-15,1990,1,January,1,1990-01
19900118,1990-01-18,1990,1,January,1,1990-01
19900124,1990-01-24,1990,1,January,1,1990-01
19900205,1990-02-05,1990,2,February,1,1990-02
19900209,1990-02-09,1990,2,February,1,1990-02
19900217,1990-02-17,1990,2,February,1,1990-02
19900223,1990-02-23,1990,2,February,1,1990-02
19900227,1990-02-27,1990,2,February,1,1990-02
19900228,1990-02-28,1990,2,February,1,1990-02
19900306,1990-03-06,1990,3,March,1,1990-03
19900321,1990-03-21,1990,3,March,1,1990-03
19900403,1990-04-03,1990,4,April,2,1990-04
19900502,1990-05-02,1990,5,May,2,1990-05
19900515,1990-05-15,1990,5,May,2,1990-05
19900518,1990-05-18,1990,5,May,2,1990-05
19900524,1990-05-24,1990,5,May,2,1990-05
19900526,1990-05-26,1990,5,May,2,1990-05
19900604,1990-06-04,1990,6,June,2,1990-06
19900606,1990-06-06,1990,6,June,2,1990-06
19900622,1990-06-22,1990,6,June,2,1990-06
19900627,1990-06-27,1990,6,June,2,1990-06
19900630,1990-06-30,1990,6,June,2,1990-06
19900704,1990-07-04,1990,7,July,3,1990-07
19900705,1990-07-05,1990,7,July,3,1990-07
19900713,1990-07-13,1990,7,July,3,1990-07
19900725,1990-07-25,1990,7,July,3,1990-07
19900805,1990-08-05,1990,8,August,3,1990-08
19900829,1990-08-29,1990,8,August,3,1990-08
19900830,1990-08-30,1990,8,August,3,1990-08
19900906,1990-09-06,1990,9,September,3,1990-09
19900914,1990-09-14,1990,9,September,3,1990-09
19901019,1990-10-19,1990,10,October,4,1990-10
19901022,1990-10-22,1990,10,October,4,1990-10
19901124,1990-11-24,1990,11,November,4,1990-11
19901126,1990-11-26,1990,11,November,4,1990-11
19901128,1990-11-28,1990,11,November,4,1990-11
19901206,1990-12-06,1990,12,December,4,1990-12
19901214,1990-12-14,1990,12,December,4,1990-12
19901224,1990-12-24,1990,12,December,4,1990-12
19910103,1991-01-03,1991,1,January,1,1991-01
19910104,1991-01-04,1991,1,January,1,1991-01
19910105,1991-01-05,1991,1,January,1,1991-01
19910117,1991-01-17,1991,1,January,1,1991-01
19910129,1991-01-29,1991,1,January,1,1991-01
19910211,1991-02-11,1991,2,February,1,1991-02
19910305,1991-03-05,1991,3,March,1,1991-03
19910308,1991-03-08,1991,3,March,1,1991-03
19910315,1991-03-15,1991,3,March,1,1991-03
19910321,1991-03-21,1991,3,March,1,1991-03
19910329,1991-03-29,1991,3,March,1,1991-03
19910412,1991-04-12,1991,4,April,2,1991-04
19910419,1991-04-19,1991,4,April,2,1991-04
19910423,1991-04-23,1991,4,April,2,1991-04
19910429,1991-04-29,1991,4,April,2,1991-04
19910503,1991-05-03,1991,5,May,2,1991-05
19910508,1991-05-08,1991,5,May,2,1991-05
19910517,1991-05-17,1991,5,May,2,1991-05
19910528,1991-05-28,1991,5,May,2,1991-05
19910530,1991-05-30,1991,5,May,2,1991-05
19910621,1991-06-21,1991,6,June,2,1991-06
19910703,1991-07-03,1991,7,July,3,1991-07
19910712,1991-07-12,1991,7,July,3,1991-07
19910806,1991-08-06,1991,8,August,3,1991-08
19910826,1991-08-26,1991,8,August,3,1991-08
19910828,1991-08-28,1991,8,August,3,1991-08
19910830,1991-08-30,1991,8,August,3,1991-08
19910909,1991-09-09,1991,9,September,3,1991-09
19910916,1991-09-16,1991,9,September,3,1991-09
19911018,1991-10-18,1991,10,October,4,1991-10
19911022,1991-10-22,1991,10,October,4,1991-10
19911104,1991-11-04,1991,11,November,4,1991-11
19911107,1991-11-07,1991,11,November,4,1991-11
19911113,1991-11-13,1991,11,November,4,1991-11
19911204,1991-12-04,1991,12,December,4,1991-12
19911206,1991-12-06,1991,12,December,4,1991-12
19911210,1991-12-10,1991,12,December,4,1991-12
19911213,1991-12-13,1991,12,December,4,1991-12
19911226,1991-12-26,1991,12,December,4,1991-12
19920122,1992-01-22,1992,1,January,1,1992-01
19920206,1992-02-06,1992,2,February,1,1992-02
19920207,1992-02-07,1992,2,February,1,1992-02
19920225,1992-02-25,1992,2,February,1,1992-02
19920303,1992-03-03,1992,3,March,1,1992-03
19920318,1992-03-18,1992,3,March,1,1992-03
19920320,1992-03-20,1992,3,March,1,1992-03
19920327,1992-03-27,1992,3,March,1,1992-03
19920415,1992-04-15,1992,4,April,2,1992-04
19920502,1992-05-02,1992,5,May,2,1992-05
19920504,1992-05-04,1992,5,May,2,1992-05
19920519,1992-05-19,1992,5,May,2,1992-05
19920520,1992-05-20,1992,5,May,2,1992-05
19920522,1992-05-22,1992,5,May,2,1992-05
19920609,1992-06-09,1992,6,June,2,1992-06
19920611,1992-06-11,1992,6,June,2,1992-06
19920618,1992-06-18,1992,6,June,2,1992-06
19920626,1992-06-26,1992,6,June,2,1992-06
19920702,1992-07-02,1992,7,July,3,1992-07
19920724,1992-07-24,1992,7,July,3,1992-07
19920804,1992-08-04,1992,8,August,3,1992-08
19920806,1992-08-06,1992,8,August,3,1992-08
19920814,1992-08-14,1992,8,August,3,1992-08
19920817,1992-08-17,1992,8,August,3,1992-08
19920819,1992-08-19,1992,8,August,3,1992-08
19920824,1992-08-24,1992,8,August,3,1992-08
19920826,1992-08-26,1992,8,August,3,1992-08
19920828,1992-08-28,1992,8,August,3,1992-08
19920829,1992-08-29,1992,8,August,3,1992-08
19920902,1992-09-02,1992,9,September,3,1992-09
19920909,1992-09-09,1992,9,September,3,1992-09
19920912,1992-09-12,1992,9,September,3,1992-09
19920916,1992-09-16,1992,9,September,3,1992-09
19920918,1992-09-18,1992,9,September,3,1992-09
19920930,1992-09-30,1992,9,September,3,1992-09
19921002,1992-10-02,1992,10,October,4,1992-10
19921008,1992-10-08,1992,10,October,4,1992-10
19921017,1992-10-17,1992,10,October,4,1992-10
19921125,1992-11-25,1992,11,November,4,1992-11
19921201,1992-12-01,1992,12,December,4,1992-12
19921204,1992-12-04,1992,12,December,4,1992-12
19921216,1992-12-16,1992,12,December,4,1992-12
19921217,1992-12-17,1992,12,December,4,1992-12
19921218,1992-12-18,1992,12,December,4,1992-12
19921221,1992-12-21,1992,12,December,4,1992-12
19930115,1993-01-15,1993,1,January,1,1993-01
19930119,1993-01-19,1993,1,January,1,1993-01
19930202,1993-02-02,1993,2,February,1,1993-02
19930203,1993-02-03,1993,2,February,1,1993-02
19930304,1993-03-04,1993,3,March,1,1993-03
19930313,1993-03-13,1993,3,March,1,1993-03
19930314,1993-03-14,1993,3,March,1,1993-03
19930315,1993-03-15,1993,3,March,1,1993-03
19930316,1993-03-16,1993,3,March,1,1993-03
19930317,1993-03-17,1993,3,March,1,1993-03
19930318,1993-03-18,1993,3,March,1,1993-03
19930325,1993-03-25,1993,3,March,1,1993-03
19930402,1993-04-02,1993,4,April,2,1993-04
19930426,1993-04-26,1993,4,April,2,1993-04
19930511,1993-05-11,1993,5,May,2,1993-05
19930512,1993-05-12,1993,5,May,2,1993-05
19930607,1993-06-07,1993,6,June,2,1993-06
19930610,1993-06-10,1993,6,June,2,1993-06
19930611,1993-06-11,1993,6,June,2,1993-06
19930618,1993-06-18,1993,6,June,2,1993-06
19930627,1993-06-27,1993,6,June,2,1993-06
19930702,1993-07-02,1993,7,July,3,1993-07
19930704,1993-07-04,1993,7,July,3,1993-07
19930709,1993-07-09,1993,7,July,3,1993-07
19930719,1993-07-19,1993,7,July,3,1993-07
19930722,1993-07-22,1993,7,July,3,1993-07
19930726,1993-07-26,1993,7,July,3,1993-07
19930823,1993-08-23,1993,8,August,3,1993-08
19930909,1993-09-09,1993,9,September,3,1993-09
19930910,1993-09-10,1993,9,September,3,1993-09
19930929,1993-09-29,1993,9,September,3,1993-09
19931015,1993-10-15,1993,10,October,4,1993-10
19931028,1993-10-28,1993,10,October,4,1993-10
19931201,1993-12-01,1993,12,December,4,1993-12
19931222,1993-12-22,1993,12,December,4,1993-12
19940117,1994-01-17,1994,1,January,1,1994-01
19940218,1994-02-18,1994,2,February,1,1994-02
19940228,1994-02-28,1994,2,February,1,1994-02
19940303,1994-03-03,1994,3,March,1,1994-03
19940310,1994-03-10,1994,3,March,1,1994-03
19940316,1994-03-16,1994,3,March,1,1994-03
19940330,1994-03-30,1994,3,March,1,1994-03
19940331,1994-03-31,1994,3,March,1,1994-03
19940411,1994-04-11,1994,4,April,2,1994-04
19940414,1994-04-14,1994,4,April,2,1994-04
19940421,1994-04-21,1994,4,April,2,1994-04
19940423,1994-04-23,1994,4,April,2,1994-04
19940426,1994-04-26,1994,4,April,2,1994-04
19940429,1994-04-29,1994,4,April,2,1994-04
19940509,1994-05-09,1994,5,May,2,1994-05
19940510,1994-05-10,1994,5,May,2,1994-05
19940513,1994-05-13,1994,5,May,2,1994-05
19940611,1994-06-11,1994,6,June,2,1994-06
19940617,1994-06-17,1994,6,June,2,1994-06
19940621,1994-06-21,1994,6,June,2,1994-06
19940628,1994-06-28,1994,6,June,2,1994-06
19940629,1994-06-29,1994,6,June,2,1994-06
19940701,1994-07-01,1994,7,July,3,1994-07
19940705,1994-07-05,1994,7,July,3,1994-07
19940706,1994-07-06,1994,7,July,3,1994-07
19940707,1994-07-07,1994,7,July,3,1994-07
19940708,1994-07-08,1994,7,July,3,1994-07
19940710,1994-07-10,1994,7,July,3,1994-07
19940711,1994-07-11,1994,7,July,3,1994-07
